Art_ID,Viz_Num,Graph_Type,Points,Lines,Bar_Col,Box,Hist_Dens,Tiles,Geo_Map,X_Axis,Y_Axis,Color_Fill,Size,Shape,Alpha,Interactive,Motion,Scroll,Perc_Num,Task1,Task2
1,1,5,1,0,0,0,0,0,1,1,1,1,0,1,1,0,0,0,,,
1,2,5,1,0,0,0,0,0,1,1,1,1,0,1,1,0,0,0,,,
1,3,5,1,0,0,0,0,0,1,1,1,1,0,1,1,0,0,0,,,
1,4,5,1,0,0,0,0,0,1,1,1,1,0,1,1,0,0,0,,,
1,5,5,1,0,0,0,0,0,1,1,1,1,0,1,1,0,0,0,,,
1,6,5,0,0,0,0,0,0,1,1,1,1,0,1,0,1,0,1,,,
1,7,5,0,0,0,0,0,0,1,1,1,1,0,1,0,1,0,1,,,
1,8,5,0,0,0,0,0,0,1,1,1,1,0,1,0,1,0,1,,,
1,9,5,0,0,0,0,0,0,1,1,1,1,0,1,0,1,0,1,,,
1,10,5,0,0,0,0,0,0,1,1,1,1,0,1,0,1,0,1,,,
1,11,5,0,0,0,0,0,0,1,1,1,1,0,1,0,1,0,1,,,
1,12,5,0,0,0,0,0,0,1,1,1,1,0,1,0,1,0,1,,,
1,13,5,0,0,0,0,0,0,1,1,1,1,0,1,0,1,0,1,,,
1,14,5,0,0,0,0,0,0,1,1,1,1,0,1,0,1,0,1,,,
1,15,5,0,0,0,0,0,0,1,1,1,1,0,1,0,1,0,1,,,
1,16,5,1,0,0,0,0,0,1,1,1,1,0,1,1,0,0,0,,,
2,1,7,1,0,0,0,0,1,0,1,1,1,0,0,0,1,0,0,,,
3,1,7,1,0,0,0,0,0,0,1,1,1,1,0,1,1,0,0,,,
3,2,7,1,0,0,0,0,0,0,1,1,1,1,0,1,0,0,0,,,
3,3,7,1,0,0,0,0,0,0,1,1,1,1,0,1,0,0,0,,,
3,4,7,1,0,0,0,0,0,0,1,1,1,1,0,1,0,0,0,,,
4,1,7,1,1,0,0,0,0,0,1,1,0,0,0,0,0,0,0,,,
5,1,7,1,1,0,0,0,0,0,1,1,1,0,0,1,0,0,0,,,
6,1,7,1,1,0,0,0,0,0,1,1,1,0,0,0,0,0,0,,,
6,2,7,1,1,0,0,0,0,0,1,1,1,0,0,0,0,0,0,,,
6,3,7,1,1,0,0,0,0,0,1,1,1,0,0,0,0,0,0,,,
7,1,7,1,0,0,0,0,0,0,1,1,0,1,0,1,0,0,0,,,
7,2,7,1,0,0,0,0,0,0,1,1,0,1,0,1,0,0,0,,,
7,3,7,1,0,0,0,0,0,0,1,1,1,1,0,1,0,0,0,,,
7,4,7,1,0,0,0,0,0,0,1,1,1,1,0,1,0,0,0,,,
7,5,7,1,0,0,0,0,0,0,1,1,1,1,0,1,0,0,0,,,
8,1,7,1,1,0,0,0,0,0,1,1,1,0,0,0,0,0,0,,,
9,1,4,1,0,0,0,0,0,0,1,0,1,1,0,0,0,0,0,,,
9,2,2,0,0,0,1,0,1,0,0,0,1,1,0,0,0,0,0,,,
9,3,7,1,0,0,0,0,0,0,1,1,1,1,0,1,0,0,0,,,
10,1,2,0,0,1,0,0,0,0,1,1,1,0,0,0,0,0,0,,,
11,1,3,0,0,1,0,0,0,0,1,0,1,0,0,0,0,0,0,,,
11,2,3,0,0,1,0,0,0,0,1,0,1,0,0,0,0,0,0,,,
12,1,5,1,1,0,0,0,0,1,1,1,1,1,0,1,0,0,0,,,
12,2,5,1,1,0,0,0,0,1,1,1,1,1,0,1,0,0,0,,,
12,3,5,1,1,0,0,0,0,1,1,1,1,1,0,1,0,0,0,,,
12,4,5,1,1,0,0,0,0,1,1,1,1,1,0,1,0,0,0,,,
12,5,2,0,0,0,0,1,0,0,1,1,1,0,0,0,0,0,0,,,
13,1,5,0,0,0,0,0,0,1,0,0,1,0,0,0,0,0,0,,,
14,1,4,0,1,0,0,0,0,0,1,1,0,0,0,0,0,0,1,,,
14,2,4,0,1,0,0,0,0,0,1,1,0,0,0,0,0,0,1,,,
14,3,4,0,1,0,0,0,0,0,1,1,0,0,0,0,0,0,1,,,
14,4,4,0,1,0,0,0,0,0,1,1,0,0,0,1,0,0,1,,,
14,5,2,0,0,1,0,0,0,0,1,0,0,0,0,0,0,0,0,,,
14,6,4,0,1,0,0,0,0,0,1,1,0,0,0,0,0,0,0,,,
14,7,7,0,1,0,0,0,0,0,1,1,0,0,0,0,0,0,0,,,
14,8,4,0,1,0,0,0,0,0,1,1,0,0,0,0,0,0,0,,,
14,9,4,0,1,0,0,0,0,0,1,1,0,0,0,0,0,0,0,,,
14,10,4,0,1,0,0,0,0,0,1,1,0,0,0,0,0,0,0,,,
14,11,2,1,1,0,0,0,0,0,1,1,1,0,0,0,0,0,0,,,
14,12,7,0,1,0,0,0,0,0,1,1,0,0,0,0,0,0,0,,,
14,13,3,0,0,1,0,0,0,0,1,0,0,0,0,0,0,0,0,,,
14,14,4,0,1,0,0,0,0,0,1,1,1,0,0,1,0,0,0,,,
14,15,3,0,0,1,0,0,0,0,1,0,0,0,0,0,0,0,0,,,
14,16,4,0,1,0,0,0,0,0,1,1,1,0,0,1,0,0,0,,,
14,17,4,0,1,0,0,0,0,0,1,1,0,0,0,0,0,0,0,,,
14,18,7,0,1,0,0,0,0,0,1,1,0,0,0,0,0,0,0,,,
14,19,3,0,0,1,0,0,0,0,1,0,0,0,0,0,0,0,0,,,
14,20,4,0,1,0,0,0,0,0,1,1,1,0,0,1,0,0,0,,,
14,21,3,0,0,1,0,0,0,0,1,0,0,0,0,0,0,0,0,,,
14,22,4,0,1,0,0,0,0,0,1,1,1,0,0,1,0,0,0,,,
14,23,4,0,1,0,0,0,0,0,1,1,1,0,0,1,0,0,0,,,
14,24,4,0,1,0,0,0,0,0,1,1,1,0,0,1,0,0,0,,,
15,1,,0,0,0,0,0,0,1,0,0,1,1,0,0,0,0,0,,,
15,2,,0,0,0,0,0,0,1,0,0,1,1,0,0,0,0,0,,,
15,3,,0,0,0,0,0,0,1,0,0,1,1,0,0,0,0,0,,,
15,4,,0,0,0,0,0,0,1,0,0,1,1,0,0,0,0,0,,,
15,5,,0,0,0,0,0,0,1,0,0,1,1,0,0,0,0,0,,,
15,6,,0,0,0,0,0,0,1,0,0,1,1,0,0,0,0,0,,,
15,7,4,0,1,0,0,1,0,0,1,1,0,0,0,0,0,0,0,,,
15,8,9,0,1,0,0,0,0,0,1,1,1,0,0,0,0,0,0,,,
15,9,9,0,1,0,0,0,0,0,1,1,1,0,0,0,0,0,0,,,
16,1,,,,,,,,,,,,,,,,,,,,
17,1,,0,0,0,0,0,0,0,0,0,1,0,0,0,0,0,0,,,
17,2,,0,0,0,0,0,0,0,0,0,1,0,0,0,0,0,0,,,
17,3,,0,0,0,0,0,0,0,0,0,1,0,0,0,0,0,0,,,
17,4,,0,0,0,0,0,0,0,0,0,1,0,0,0,0,0,0,,,
18,1,,,,,,,,,,,,,,,,,,,,
18,2,2,1,0,1,0,0,0,0,1,0,0,0,0,0,0,0,0,,,
18,3,2,0,1,1,0,0,0,0,1,1,0,0,0,0,0,0,0,,,
18,4,2,0,1,1,0,0,0,0,1,1,1,0,0,0,0,0,0,,,
18,5,2,1,0,1,0,0,0,0,1,0,0,0,0,0,0,0,0,,,
18,6,2,1,0,1,0,0,0,0,1,0,0,0,0,0,0,0,0,,,
18,7,7,1,0,0,0,0,0,0,1,1,0,0,0,0,0,0,0,,,
18,8,2,1,0,1,0,0,0,0,1,0,0,0,0,0,0,0,0,,,
19,1,7,0,1,0,0,0,0,0,1,1,1,0,0,0,0,0,0,,,
20,1,1,1,0,0,1,0,0,0,1,0,1,0,0,0,0,0,0,,,
21,1,3,0,0,1,0,0,0,0,1,0,1,0,0,0,0,0,0,,,
22,1,,,,,,,,,,,,,,,,,,,,
23,1,,,,,,,,,,,,,,,,,,,,
24,1,,,,,,,,,,,,,,,,,,,,
25,1,2,0,0,1,0,0,0,0,1,1,0,0,0,0,0,0,0,,,
25,2,7,1,0,0,0,0,0,0,1,1,1,0,0,0,0,0,0,,,
25,3,2,0,0,1,0,0,0,0,1,1,1,0,0,0,0,0,0,,,
25,4,2,0,0,1,0,0,0,0,1,1,0,0,0,0,0,0,0,,,
25,5,3,0,0,1,0,0,0,0,1,1,0,0,0,0,0,0,0,,,
25,6,2,0,0,1,0,0,0,0,1,1,0,0,0,0,0,0,0,,,
26,1,,1,1,0,0,0,0,0,1,1,0,0,0,0,0,0,0,,,
26,2,7,0,1,0,0,0,0,0,1,1,1,0,0,0,0,0,0,,,
27,1,5,0,0,0,0,0,0,1,0,0,1,0,0,0,0,1,0,,,
28,1,7,0,1,0,0,0,0,0,1,1,0,0,0,0,0,0,0,,,
28,2,7,0,1,0,0,0,0,0,1,1,0,0,0,0,0,0,0,,,
28,3,7,0,1,0,0,0,0,0,1,1,0,0,0,0,0,0,0,,,
28,4,7,0,1,0,0,0,0,0,1,1,0,0,0,0,0,0,0,,,
29,1,7,1,1,0,0,0,0,0,1,1,1,0,0,0,0,0,0,,,
29,2,5,0,0,0,0,0,0,1,0,0,1,0,0,0,0,0,0,,,
30,1,5,0,0,0,0,0,0,1,0,0,1,0,0,0,0,0,0,,,
30,2,2,0,0,1,0,0,0,0,1,1,1,0,0,0,0,0,0,,,
30,3,5,0,0,0,0,0,0,1,0,0,1,0,0,0,0,0,0,,,
31,1,2,0,0,1,0,0,0,0,1,1,1,0,0,0,0,0,0,,,
31,2,5,0,0,0,0,0,0,1,0,0,1,0,0,0,0,0,0,,,
31,3,5,1,0,0,0,0,0,1,0,0,1,0,0,0,0,0,0,,,
32,1,7,1,1,0,0,0,0,0,1,1,1,0,0,0,0,0,0,,,
32,2,5,0,0,0,0,0,0,1,0,0,1,0,0,0,0,0,0,,,
33,1,7,1,0,0,0,0,0,0,1,0,1,0,0,0,0,0,0,,,
33,2,7,1,0,0,0,0,0,0,1,0,1,0,0,0,0,0,0,,,
34,1,,,,,,,,,,,,,,,,,,,,
34,2,,,,,,,,,,,,,,,,,,,,
34,3,,,,,,,,,,,,,,,,,,,,
34,4,,,,,,,,,,,,,,,,,,,,
34,5,,,,,,,,,,,,,,,,,,,,
35,1,3,0,0,1,0,0,0,0,1,0,1,0,0,0,0,0,0,,,
35,2,3,0,0,1,0,0,0,0,1,0,1,0,0,0,0,0,0,,,
36,1,5,0,0,0,0,0,0,1,0,0,1,0,0,0,0,0,0,,,
36,2,5,0,0,0,0,0,0,1,0,0,1,0,0,0,0,0,0,,,
36,3,2,0,0,1,0,0,0,0,1,1,1,0,0,0,0,0,0,,,
37,1,3,0,0,1,0,0,0,0,1,0,1,0,0,0,0,0,0,,,
38,1,3,0,0,1,0,0,0,0,1,0,1,0,0,0,0,0,0,,,
39,1,,,,,,,,,,,,,,,,,,,,
40,1,7,0,1,0,0,0,0,0,1,1,1,0,0,0,0,0,0,,,
40,2,4,1,1,0,0,0,0,0,1,0,0,0,0,1,0,0,0,,,
40,3,,,,,,,,,,,,,,,,,,,,
40,4,2,0,0,1,0,0,0,0,1,1,1,0,0,0,0,0,0,,,
40,5,2,0,0,1,0,0,0,0,1,1,1,0,0,0,0,0,0,,,
41,1,1,0,0,0,1,0,0,0,1,0,1,0,0,0,0,0,0,,,
42,1,,,,,,,,,,,,,,,,,,,,
42,2,,,,,,,,,,,,,,,,,,,,
42,3,,,,,,,,,,,,,,,,,,,,
42,4,,,,,,,,,,,,,,,,,,,,
42,5,,,,,,,,,,,,,,,,,,,,
42,6,,,,,,,,,,,,,,,,,,,,
42,7,,,,,,,,,,,,,,,,,,,,
42,8,,,,,,,,,,,,,,,,,,,,
42,9,1,1,1,0,0,0,0,0,1,0,1,0,0,0,0,0,0,,,
42,10,7,1,0,0,0,0,0,0,1,1,1,0,0,0,0,0,0,,,
43,1,5,0,0,0,0,0,0,1,0,0,1,0,0,0,0,0,1,,,
43,2,5,0,0,0,0,0,0,1,0,0,1,0,0,0,0,0,1,,,
44,1,2,0,0,0,0,1,0,0,1,1,1,0,0,0,0,0,0,,,
44,2,2,0,0,0,0,1,0,0,1,1,1,0,0,0,0,0,0,,,
45,1,2,1,0,1,0,0,0,0,1,1,1,0,0,0,0,0,0,,,
46,1,5,0,0,0,0,0,0,1,0,0,1,0,0,0,0,1,0,,,
46,2,5,0,0,0,0,0,0,1,0,0,1,0,0,0,0,1,0,,,
46,3,5,0,0,0,0,0,0,1,0,0,1,0,0,0,0,1,0,,,
47,1,7,0,1,0,0,0,0,0,1,1,1,0,0,0,0,0,0,,,
47,2,7,0,1,0,0,0,0,0,1,1,1,0,0,0,0,0,0,,,
47,3,2,0,0,1,0,0,0,0,1,1,1,0,0,0,0,0,0,,,
48,1,5,0,0,0,0,0,0,1,0,0,1,0,0,1,0,0,0,,,
48,2,5,0,0,0,0,0,0,1,0,0,1,0,0,1,0,0,0,,,
48,3,5,0,0,0,0,0,0,1,0,0,1,0,0,1,0,0,0,,,
48,4,5,0,0,0,0,0,0,1,0,0,1,0,0,1,0,0,0,,,
48,5,5,0,0,0,0,0,0,1,0,0,1,0,0,1,0,0,0,,,
48,6,5,0,0,0,0,0,0,1,0,0,1,0,0,1,0,0,0,,,
48,7,5,0,0,0,0,0,0,1,0,0,1,0,0,1,0,0,0,,,
48,8,5,0,0,0,0,0,0,1,0,0,1,0,0,1,0,0,0,,,
48,9,5,0,0,0,0,0,0,1,0,0,1,0,0,1,0,0,0,,,
48,10,5,0,0,0,0,0,0,1,0,0,1,0,0,1,0,0,0,,,
48,11,5,0,0,0,0,0,0,1,0,0,1,0,0,1,0,0,0,,,
48,12,5,0,0,0,0,0,0,1,0,0,1,0,0,1,0,0,0,,,
48,13,5,1,0,0,0,0,0,1,0,0,1,0,0,1,0,0,0,,,
48,14,5,0,0,0,0,0,0,1,0,0,1,0,0,1,0,0,0,,,
48,15,5,0,0,0,0,0,0,1,0,0,1,0,0,1,0,0,0,,,
48,16,5,0,0,0,0,0,0,1,0,0,1,0,0,1,0,0,0,,,
49,1,2,0,0,0,0,1,0,0,1,1,1,0,0,1,0,0,0,,,
49,2,2,0,0,0,0,1,0,0,1,1,1,0,0,1,0,0,0,,,
49,3,2,0,0,0,0,1,0,0,1,1,1,0,0,1,0,0,0,,,
49,4,2,0,0,0,0,1,0,0,1,1,1,0,0,1,0,0,0,,,
49,5,2,0,0,0,0,1,0,0,1,1,1,0,0,1,0,0,0,,,
49,6,2,0,0,0,0,1,0,0,1,1,1,0,0,1,0,0,0,,,
49,7,5,0,0,0,0,0,0,1,0,0,1,0,0,0,0,0,0,,,
50,1,,0,1,1,0,0,0,0,1,1,1,0,0,0,0,0,0,,,
51,1,5,1,0,0,0,0,0,1,0,0,1,0,0,0,0,0,0,,,
51,2,5,1,0,0,0,0,0,1,0,0,1,0,0,0,0,0,0,,,
51,3,7,1,0,0,0,0,0,0,1,1,1,0,0,0,0,0,0,,,
51,4,7,1,0,0,0,0,0,0,1,1,1,0,0,0,0,0,0,,,
51,5,7,1,1,0,0,0,0,0,1,1,1,0,0,0,0,0,0,,,
51,6,7,1,1,0,0,0,0,0,1,1,1,0,0,0,0,0,0,,,
51,7,7,1,1,0,0,0,0,0,1,1,1,0,0,0,0,0,0,,,
51,8,3,0,0,1,0,0,0,0,1,0,1,0,0,0,0,0,0,,,
51,9,2,0,0,1,0,0,0,0,1,1,1,0,0,0,0,0,0,,,
52,1,7,1,1,0,0,0,0,0,1,1,1,0,0,0,0,0,0,,,
52,2,7,1,1,0,0,0,0,0,1,1,1,0,0,0,0,0,0,,,
52,3,7,1,1,0,0,0,0,0,1,1,1,0,0,0,0,0,0,,,
52,4,7,1,1,0,0,0,0,0,1,1,1,0,0,0,0,0,0,,,
52,5,7,1,1,0,0,0,0,0,1,1,1,0,0,0,0,0,0,,,
52,6,7,1,1,0,0,0,0,0,1,1,1,0,0,0,0,0,0,,,
52,7,7,1,1,0,0,0,0,0,1,1,1,0,0,0,0,0,0,,,
52,8,7,1,1,0,0,0,0,0,1,1,1,0,0,0,0,0,0,,,
53,1,2,0,0,1,0,0,0,0,1,0,1,0,0,0,0,0,0,,,
53,2,2,0,0,1,0,0,0,0,1,0,1,0,0,0,0,0,0,,,
53,3,2,0,0,1,0,0,0,0,1,0,1,0,0,0,0,0,0,,,
54,1,,,,,,,,,,,,,,,,,,,,
54,2,,,,,,,,,,,,,,,,,,,,
54,3,,1,0,0,0,0,1,0,0,0,1,0,0,0,0,0,0,,,
54,4,5,1,0,0,0,0,0,1,0,0,1,0,0,0,0,0,0,,,
54,5,5,1,0,0,0,0,0,1,0,0,1,0,0,0,0,0,0,,,
54,6,9,0,0,0,0,1,0,0,1,1,1,0,0,0,0,0,0,,,
55,1,2,0,0,0,0,1,0,0,1,1,1,0,0,1,0,0,0,,,
55,2,5,0,0,0,0,0,1,1,0,0,1,0,0,0,0,0,0,,,
56,1,5,0,0,0,0,0,0,1,0,0,1,0,0,0,0,0,0,,,
56,2,1,1,1,0,0,0,0,0,1,0,1,0,1,0,0,0,0,,,
56,3,1,1,1,0,0,0,0,0,1,0,1,0,1,0,0,0,0,,,
56,4,3,0,0,1,0,0,0,0,1,0,1,0,0,0,0,0,0,,,
56,5,,,,,,,,,,,,,,,,,,,,
56,6,,,,,,,,,,,,,,,,,,,,
56,7,7,0,1,0,0,1,0,0,1,1,1,0,0,0,0,0,0,,,
56,8,7,1,1,0,0,1,0,0,1,1,1,0,0,0,0,0,0,,,
56,9,7,0,1,0,0,0,0,0,1,1,1,0,0,0,0,0,0,,,
56,10,7,1,1,0,0,1,0,0,1,1,1,0,0,0,0,0,0,,,
57,1,7,1,0,0,0,0,0,0,1,1,1,0,0,0,,,,,,
58,1,5,1,1,0,0,0,0,1,1,1,1,1,1,,,,,,,
58,2,5,1,0,0,0,0,,1,1,1,,,,,,,,,,
58,3,5,1,1,0,0,0,,1,1,1,,,,,,,,,,
58,4,5,1,1,0,0,0,,1,1,1,,,,,,,,,,
58,5,5,1,1,0,0,0,,1,1,1,,,,,,,,,,
58,6,5,1,1,0,0,0,,1,1,1,,,,,,,,,,
58,7,5,1,1,0,0,0,,1,1,1,,,,,,,,,,
58,8,5,1,1,0,0,0,,1,1,1,,,,,,,,,,
58,9,5,1,1,0,0,0,,1,1,1,,,,,,,,,,
58,10,5,1,1,0,0,0,,1,1,1,,,,,,,,,,
58,11,5,1,1,0,0,0,,1,1,1,,,,,,,,,,
58,12,5,1,1,0,0,0,,1,1,1,,,,,,,,,,
58,13,5,0,0,0,0,0,1,1,1,1,1,,,,,,,,,
58,14,5,1,1,0,0,0,,1,1,1,,,,,,,,,,
59,1,2,0,0,1,0,1,0,0,1,1,1,0,0,0,1,1,0,,,
59,2,5,0,0,0,0,0,1,1,1,1,1,0,0,0,1,0,0,,,
59,3,5,0,0,0,0,0,1,1,1,1,1,0,0,0,0,0,0,,,
59,4,5,,,,,,,,,,,,,,,,,,,
60,1,3,0,0,1,0,1?,0,0,1,1,1,0,0,0,1,1,0,,,
61,1,5,1,0,0,0,0,0,1,1,1,1,1,1,0,1,1,0,,,
61,2,,,,,,,,,,,,,,,,,,,,
61,3,5,1,0,0,0,0,0,1,1,1,1,1,1,0,0,0,0,,,
61,4,4,0,1,0,0,0,0,0,1,1,1,0,0,1,0,0,0,,,
61,5,,,,,,,,,,,,,,,,,,,,
61,6,4,0,1,0,0,0,0,0,1,1,1,0,0,1,0,0,0,,,
61,7,barbell,,,,,,,,,,,,,,,,,,,
62,1,3,0,0,1,0,0,0,0,1,1,1,0,0,0,0,0,0,,,
62,2,2,0,0,1,0,1,0,0,1,1,1,0,0,0,0,0,0,,,
63,1,,,,,,,,,,,,,,,,,,,,
63,2,,,,,,,,,,,,,,,,,,,,
63,3,,,,,,,,,,,,,,,,,,,,
64,1,5,0,0,0,0,0,1,1,1,1,1,0,0,1,0,0,0,,,
64,2,4,0,1,0,0,0,0,0,1,1,1,0,0,0,0,0,0,,,
64,3,3,0,0,1,0,1,,1,1,1,1,0,0,0,0,0,0,,,
64,4,tile,0,0,0,0,0,1,0,0,0,1,0,0,0,0,0,0,,,
64,5,tile,0,0,0,0,0,1,0,0,0,1,0,0,1,0,0,0,,,
64,6,tile,0,0,0,0,0,1,0,0,0,1,0,0,1,0,0,0,,,
64,7,tile,0,0,0,0,0,1,0,0,0,1,0,0,1,0,0,0,,,
64,8,tile,0,0,0,0,0,1,0,0,0,1,0,0,0,0,0,0,,,
64,9,5,0,0,0,0,0,1,1,1,1,1,0,0,1,0,0,0,,,
64,10,5,0,0,0,0,0,1,1,1,1,1,0,0,1,0,0,0,,,
65,1,4,0,1,0,0,0,0,0,1,1,1,0,0,0,0,0,0,,,
65,2,4,0,1,0,0,0,0,0,1,1,1,0,0,0,0,0,0,,,
66,1,,,,,,,,,,,,,,,,,,,,
67,1,4,1,1,0,0,1,0,0,1,1,1,0,0,0,0,0,0,,,
68,1,4,1,1,0,0,0,0,0,1,1,1,0,0,1,0,0,0,,,
68,2,,,,,,,,,,,,,,,,,,,,
68,3,4,1,1,0,0,0,0,0,1,1,1,0,0,0,0,0,0,,,
68,4,5,1,0,0,0,0,1,1,1,1,1,0,0,1,0,0,0,,,
69,1,barbell,1,1,0,0,0,0,0,1,1,1,0,0,0,0,0,0,,,
70,1,3,0,0,1,0,0,1,0,,,1,0,0,0,0,0,0,,,
70,2,3,0,0,1,0,0,1,0,,,1,0,0,0,0,0,0,,,
70,3,3,0,0,1,0,0,1,0,,,1,0,0,0,0,0,0,,,
70,4,3,0,0,1,0,0,1,0,,,1,0,0,0,0,0,0,,,
70,5,3,0,0,1,0,0,1,0,,,1,0,0,0,0,0,0,,,
70,6,3,0,0,1,0,0,1,0,,,1,0,0,0,0,0,0,,,
70,7,arrows?,,,,,,,,,,,,,,,,,,,
70,8,3,0,0,1,0,0,1,0,,,1,0,0,0,0,0,0,,,
70,9,arrows?,,,,,,,,,,,,,,,,,,,
71,1,3,0,0,1,0,0,0,0,0,0,0,0,0,0,0,0,0,,,
71,2,3,0,0,1,0,0,0,0,0,0,0,0,0,0,0,0,0,,,
71,3,3,0,0,1,0,0,0,0,0,0,0,0,0,0,0,0,0,,,
,,,,,,,,,,,,,,,,,,,,,
72,1,3,0,0,1,0,0,0,0,0,0,1,0,0,0,0,0,0,,,
72,2,7,1,1,0,0,0,0,0,1,1,1,0,0,0,0,0,0,,,
72,3,3,0,0,1,0,0,0,0,1,1,1,0,0,0,0,0,0,,,
73,,,,,,,,,,,,,,,,,,,,,
75,1,5,0,1,1,0,0,1,1,1,1,1,0,0,0,0,0,0,,,
76,1,2,0,0,1,0,1,0,0,1,1,1,0,0,0,1,1,0,,,
76,2,2,0,0,1,0,1,0,0,1,1,1,0,0,0,1,1,0,,,
76,3,2,0,0,1,0,1,0,0,1,1,1,0,0,0,1,1,0,,,
77,1,5,0,0,0,0,0,0,1,0,0,1,0,0,0,0,1,0,,,
77,2,5,0,0,0,0,0,0,1,0,0,1,0,0,0,0,1,0,,,
77,3,5,0,0,0,0,0,0,1,0,0,1,0,0,0,0,0,0,,,
78,1,,0,1,1?,0,0,0,0,0,0,1,0,0,0,0,0,1,,,
78,2,,0,1,1?,0,0,0,0,0,0,1,0,0,0,0,0,1,,,
78,3,,0,1,1?,0,0,0,0,0,0,1,0,0,0,0,0,1,,,
78,4,,0,1,1?,0,0,0,0,0,0,1,0,0,0,0,0,0,,,
78,5,,0,1,1?,0,0,0,0,0,0,1,0,0,0,0,0,0,,,
78,6,,0,1,1?,0,0,0,0,0,0,1,0,0,0,0,0,0,,,
78,7,4,0,1,0,0,0,0,0,1,1,1,0,0,0,0,0,0,,,
79,1,3,0,0,1,0,0,1,0,1,1,1,0,0,0,0,0,0,,,
80,1,2,0,0,1,0,1,0,0,1,1,1,0,0,0,0,0,0,,,
80,2,5,0,0,0,0,0,0,1,0,0,1,0,0,0,0,0,0,,,
80,3,5,1,0,0,0,0,0,1,0,0,1,0,0,0,0,0,0,,,
81,1,4,0,1,0,0,0,0,0,1,1,1,0,0,0,0,0,0,,,
82,1,4,0,1,0,0,0,0,0,1,1,1,0,0,1,0,0,0,,,
83,1,5,0,0,0,0,0,1,1,0,0,1,0,0,0,1,0,0,,,
83,2,9,0,1,0,0,0,0,0,1,1,1,0,0,0,0,0,0,,,
83,3,4,0,1,0,0,0,0,0,1,1,1,0,0,1,0,1,1,,,
84,,,,,,,,,,,,,,,,,,,,,
85,1,4,0,1,0,0,0,0,0,1,1,1,0,0,1,0,1,1,,,
85,2,,,,,,,,,,,,,,,,,,,,
85,3,3,0,0,1,0,1,0,0,1,1,1,0,0,0,0,0,0,,,
85,4,4,0,1,0,0,0,0,0,1,1,1,0,0,0,0,0,0,,,
85,5,4,0,1,0,0,0,0,0,1,1,1,0,0,0,0,0,0,,,
85,6,3,0,0,1,0,0,0,0,1,1,1,0,0,0,0,0,0,,,
85,7,4,0,1,0,0,0,0,0,1,1,1,0,0,0,0,0,0,,,
85,8,4,0,1,0,0,0,0,0,1,1,1,0,0,0,0,0,0,,,
85,9,4,0,1,0,0,0,0,0,1,1,1,0,0,0,0,0,0,,,
85,10,4,1,1,0,0,0,0,0,1,1,1,0,0,0,0,0,0,,,
85,11,4,0,1,0,0,0,0,0,1,1,1,0,0,0,0,0,0,,,
85,12,3,0,0,1,0,1,0,0,1,1,1,0,0,0,0,0,0,,,
85,13,4,0,1,0,0,0,0,0,1,1,1,0,0,0,0,0,0,,,
85,14,3,0,0,1,0,1,0,0,1,1,1,0,0,0,0,0,0,,,
85,15,4,0,1,0,0,0,0,0,1,1,1,0,0,0,0,0,0,,,
85,16,4,0,1,0,0,0,0,0,1,1,1,0,0,0,0,0,0,,,
85,17,4,0,1,0,0,0,0,0,1,1,1,0,0,0,0,0,0,,,
85,18,3,0,0,1,0,1,0,0,1,1,1,0,0,0,0,0,0,,,
85,19,4,0,1,0,0,0,0,0,1,1,1,0,0,0,0,0,0,,,
85,20,3,0,0,1,0,1,0,0,1,1,1,0,0,0,0,0,0,,,
85,21,4,0,1,0,0,0,0,0,1,1,1,0,0,0,0,0,0,,,
85,22,4,0,1,0,0,0,0,0,1,1,1,0,0,0,0,0,0,,,
85,23,4,0,1,0,0,0,0,0,1,1,1,0,0,0,0,0,0,,,
86,1,5,0,0,0,0,0,1,1,1,1,1,0,0,0,0,0,0,,,
86,2,5,0,0,0,0,0,1,1,1,1,1,0,0,0,0,0,0,,,
86,3,5,0,0,0,0,0,1,1,1,1,1,0,0,0,0,0,0,,,
86,4,5,0,0,0,0,0,1,1,1,1,1,0,0,0,0,0,0,,,
86,5,5,0,0,0,0,0,1,1,1,1,1,0,0,0,0,0,0,,,
86,6,5,0,0,0,0,0,1,1,1,1,1,0,0,0,0,0,0,,,
86,7,5,0,0,0,0,0,1,1,1,1,1,0,0,0,0,0,0,,,
86,8,5,0,0,0,0,0,1,1,1,1,1,0,0,0,0,0,0,,,
86,9,5,0,0,0,0,0,1,1,1,1,1,0,0,0,0,0,0,,,
86,10,5,0,0,0,0,0,1,1,1,1,1,0,0,0,0,0,0,,,
86,11,5,0,0,0,0,0,1,1,1,1,1,0,0,0,0,0,0,,,
86,12,5,0,0,0,0,0,1,1,1,1,1,0,0,0,0,0,0,,,
86,13,5,0,0,0,0,0,1,1,1,1,1,0,0,0,0,0,0,,,
86,14,5,0,0,0,0,0,1,1,1,1,1,0,0,0,0,0,0,,,
86,15,5,0,0,0,0,0,1,1,1,1,1,0,0,0,0,0,0,,,
86,16,5,0,0,0,0,0,1,1,1,1,1,0,0,0,0,0,0,,,
86,17,5,0,0,0,0,0,1,1,1,1,1,0,0,0,0,0,0,,,
86,18,5,0,0,0,0,0,1,1,1,1,1,0,0,0,0,0,0,,,
86,19,5,0,0,0,0,0,1,1,1,1,1,0,0,0,0,0,0,,,
86,20,5,0,0,0,0,0,1,1,1,1,1,0,0,0,0,0,0,,,
86,21,5,0,0,0,0,0,1,1,1,1,1,0,0,0,0,0,0,,,
86,22,5,0,0,0,0,0,1,1,1,1,1,0,0,0,0,0,0,,,
86,23,5,0,0,0,0,0,1,1,1,1,1,0,0,0,0,0,0,,,
86,24,5,0,0,0,0,0,1,1,1,1,1,0,0,0,0,0,0,,,
86,25,5,0,0,0,0,0,1,1,1,1,1,0,0,0,0,0,0,,,
86,26,5,0,0,0,0,0,1,1,1,1,1,0,0,0,0,0,0,,,
86,27,5,0,0,0,0,0,1,1,1,1,1,0,0,0,0,0,0,,,
86,28,5,0,0,0,0,0,1,1,1,1,1,0,0,0,0,0,0,,,
86,29,5,0,0,0,0,0,1,1,1,1,1,0,0,0,0,0,0,,,
86,30,5,0,0,0,0,0,1,1,1,1,1,0,0,0,0,0,0,,,
86,31,5,0,0,0,0,0,1,1,1,1,1,0,0,0,0,0,0,,,
86,32,5,0,0,0,0,0,1,1,1,1,1,0,0,0,0,0,0,,,
86,33,5,0,0,0,0,0,1,1,1,1,1,0,0,0,0,0,0,,,
86,34,5,0,0,0,0,0,1,1,1,1,1,0,0,0,0,0,0,,,
86,35,5,0,0,0,0,0,1,1,1,1,1,0,0,0,0,0,0,,,
86,36,5,0,0,0,0,0,1,1,1,1,1,0,0,0,0,0,0,,,
86,37,5,0,0,0,0,0,1,1,1,1,1,0,0,0,0,0,0,,,
86,38,5,0,0,0,0,0,1,1,1,1,1,0,0,0,0,0,0,,,
86,39,5,0,0,0,0,0,1,1,1,1,1,0,0,0,0,0,0,,,
86,40,5,0,0,0,0,0,1,1,1,1,1,0,0,0,0,0,0,,,
86,41,5,0,0,0,0,0,1,1,1,1,1,0,0,0,0,0,0,,,
86,42,5,0,0,0,0,0,1,1,1,1,1,0,0,0,0,0,0,,,
86,43,5,0,0,0,0,0,1,1,1,1,1,0,0,0,0,0,0,,,
86,44,5,0,0,0,0,0,1,1,1,1,1,0,0,0,0,0,0,,,
86,45,5,0,0,0,0,0,1,1,1,1,1,0,0,0,0,0,0,,,
86,46,5,0,0,0,0,0,1,1,1,1,1,0,0,0,0,0,0,,,
86,47,5,0,0,0,0,0,1,1,1,1,1,0,0,0,0,0,0,,,
86,48,5,0,0,0,0,0,1,1,1,1,1,0,0,0,0,0,0,,,
86,49,5,0,0,0,0,0,1,1,1,1,1,0,0,0,0,0,0,,,
86,50,5,0,0,0,0,0,1,1,1,1,1,0,0,0,0,0,0,,,
87,,,,,,,,,,,,,,,,,,,,,
88,1,4,1,1,0,0,0,0,0,1,1,1,0,0,0,0,0,0,,,
88,2,,,,,,,,,,,,,,,,,,,,
89,1,4,1,1,0,0,0,0,0,1,1,1,0,0,0,0,0,0,,,
89,2,4,1,1,0,0,0,0,0,1,1,1,0,0,0,0,0,0,,,
90,1,4,1,1,0,0,0,0,0,1,1,1,0,0,1,0,0,0,,,
90,2,3,0,0,1,0,0,0,0,1,1,1,0,0,0,0,0,0,,,
90,3,5,0,0,0,0,0,1,1,0,0,1,0,0,0,0,0,0,,,
91,1,5,0,0,0,0,0,1,1,0,0,1,0,0,0,0,0,0,,,
91,2,5,0,0,0,0,0,0,1,0,0,1,0,0,0,0,0,0,,,
91,3,5,0,0,0,0,0,1,1,0,0,1,0,0,0,0,0,0,,,
92,,,,,,,,,,,,,,,,,,,,,
93,1,,,,,,,,,,,,,,,,,,,,
93,2,3,0,0,1,0,0,0,0,1,1,1,0,0,0,0,0,0,,,
93,3,,,,,,,,,,,,,,,,,,,,
93,4,3,0,0,1,0,0,0,0,1,1,1,0,0,0,0,0,0,,,
93,5,,,,,,,,,,,,,,,,,,,,
93,6,3,0,0,1,0,1,0,0,1,1,1,0,0,0,0,0,0,,,
93,7,3,0,0,1,0,0,0,0,1,1,1,0,0,0,0,0,0,,,
93,8,,,,,,,,,,,,,,,,,,,,
93,9,3,0,0,1,0,1,0,0,1,1,1,0,0,0,0,0,0,,,
93,10,4,0,1,0,0,0,0,0,1,1,1,0,0,0,0,0,0,,,
94,1,8,1,1,0,0,0,0,0,0,0,1,0,0,0,0,0,0,,,
95,1,4,1,1,0,0,0,0,0,1,1,1,0,0,0,0,0,0,,,
95,2,4,1,1,0,0,0,0,0,1,1,1,0,0,0,0,0,0,,,
95,3,3,0,0,1,0,1,0,0,1,1,1,0,0,0,0,0,0,,,
96,1,,,,,,,,,,,,,,,,,,,,
96,2,7,1,0,0,0,0,0,1,1,1,1,1,0,0,0,0,0,,,
96,3,4,1,1,0,0,0,0,0,1,1,1,0,0,0,0,0,0,,,
96,4,5,1,0,0,0,0,0,1,1,1,0,0,0,0,0,0,0,,,
96,5,5,1,0,0,0,0,0,1,1,1,0,0,0,0,0,0,0,,,
96,6,5,0,0,0,0,0,0,1,0,0,1,0,0,0,0,0,0,,,
96,7,5,1,0,0,0,0,0,1,1,1,0,0,0,0,0,0,0,,,
96,8,5,1,0,0,0,0,0,1,1,1,0,0,0,0,0,0,0,,,
96,9,5,1,0,0,0,0,0,1,1,1,0,0,0,0,0,0,0,,,
96,10,7,1,0,0,0,0,0,1,1,1,1,1,0,0,0,0,0,,,
96,11,5,1,0,0,0,0,0,1,1,1,0,0,0,0,0,0,0,,,
97,1,,,,,,,,,,,,,,,,,,,,
97,2,5,1,0,0,0,0,1,1,0,0,1,0,0,0,0,1,0,,,
97,3,2,0,0,1,0,1,1,0,1,1,1,1,0,0,1,0,0,,,
97,4,2,0,0,1,0,1,1,0,1,1,1,1,0,0,1,0,0,,,
97,5,2,0,0,1,0,1,1,0,1,1,1,1,0,0,1,0,0,,,
98,1,,,,,,,,,,,,,,,,,,,,
98,2,,,,,,,,,,,,,,,,,,,,
98,3,4,1,1,0,0,0,0,0,1,1,1,0,0,0,0,0,0,,,
98,4,,,,,,,,,,,,,,,,,,,,
98,5,7,1,0,0,0,0,0,1,1,1,1,1,0,0,0,0,0,,,
98,6,6,1,0,0,0,0,0,1,1,1,1,1,0,0,0,0,0,,,
98,7,9,1,1,0,0,0,0,0,1,1,1,0,0,0,0,0,0,,,
99,1,6,1,0,0,0,0,0,1,1,1,1,1,0,0,0,0,0,,,
99,2,6,1,0,0,0,0,0,1,1,1,1,1,0,0,0,0,0,,,
100,1,4,0,1,0,0,0,0,0,1,1,1,0,0,1,0,0,1,,,
100,2,4,0,1,0,0,0,0,0,1,1,1,0,0,1,0,0,0,,,
100,3,4,0,1,0,0,0,0,0,1,1,1,0,0,1,0,0,0,,,
101,1,9,0,1,0,0,0,0,0,1,1,1,0,0,0,0,0,0,,,
102,1,2,0,1,1,0,1,0,0,1,1,1,0,0,0,0,0,0,,,
102,2,2,0,1,1,0,1,0,0,1,1,1,0,0,0,1,1,1,,,
102,3,2,0,1,1,0,1,0,0,1,1,1,0,0,0,1,1,1,,,
103,1,4,1,1,0,0,0,0,0,1,1,1,0,0,0,0,0,0,,,
103,2,4,1,1,0,0,0,0,0,1,1,1,0,0,0,1,1,0,,,
103,3,4,1,1,0,0,0,0,0,1,1,1,0,0,0,1,1,0,,,
103,4,4,1,1,0,0,0,0,0,1,1,1,0,0,0,1,1,0,,,
104,1,4,0,1,0,0,0,0,0,1,1,1,0,0,0,0,0,0,,,
105,1,4,0,1,0,0,0,0,0,1,1,1,0,0,1,1,0,0,,,
105,2,4,1,1,0,0,0,0,0,1,1,1,0,0,0,1,0,0,,,
105,3,4,0,1,0,0,0,0,0,1,1,1,0,0,0,0,0,0,,,
105,4,4,1,1,0,0,0,0,0,1,1,1,0,0,0,1,0,0,,,
105,5,4,1,1,0,0,0,0,0,1,1,1,0,0,0,1,0,0,,,
105,6,4,1,1,0,0,0,0,0,1,1,1,0,0,0,1,0,0,,,
105,7,4,1,1,0,0,0,0,0,1,1,1,0,0,0,1,0,0,,,
105,8,4,1,1,0,0,0,0,0,1,1,1,0,0,0,1,0,0,,,
105,9,4,1,1,0,0,0,0,0,1,1,1,0,0,0,0,0,0,,,
105,10,4,1,1,0,0,0,0,0,1,1,1,0,0,0,0,0,0,,,
105,11,4,1,1,0,0,0,0,0,1,1,1,0,0,0,1,0,0,,,
106,1,5,0,0,0,0,0,1,1,0,0,1,0,0,0,0,0,0,,,
107,1,9,0,1,0,0,0,0,0,1,1,1,0,0,0,0,0,0,,,
107,2,5,0,0,0,0,0,1,1,0,0,1,0,0,0,0,0,0,,,
108,1,4,1,1,0,0,0,0,0,1,1,1,0,0,0,0,0,0,,,
108,2,3,0,0,1,0,0,0,0,1,1,1,0,0,0,0,0,0,,,
109,1,5,1,0,0,0,0,0,1,0,0,1,0,1,0,0,0,0,,,
109,2,9,0,1,0,0,0,0,0,1,1,1,0,0,0,0,0,0,,,
109,3,9,0,1,0,0,0,0,0,1,1,1,0,0,0,0,0,0,,,
109,4,5,1,0,0,0,0,1,1,1,1,1,0,1,0,0,0,0,,,
109,5,5,1,0,0,0,0,1,1,1,1,1,0,1,0,0,0,0,,,
109,6,5,1,0,0,0,0,1,1,1,1,1,0,1,0,0,0,0,,,
109,7,5,1,0,0,0,0,1,1,1,1,1,0,1,0,0,0,0,,,
109,8,5,1,0,0,0,0,1,1,1,1,1,0,1,0,0,0,0,,,
109,9,5,1,0,0,0,0,1,1,1,1,1,0,1,0,0,0,0,,,
110,1,4,0,1,0,0,0,0,0,1,1,1,0,0,0,0,1,1,,,
110,2,4,0,1,0,0,0,0,1,1,1,1,0,0,0,0,1,1,,,
110,3,3,0,0,1,0,0,0,0,1,1,1,0,0,0,0,0,0,,,
110,4,3,0,0,1,0,0,0,0,1,1,1,0,0,0,0,0,0,,,
110,5,4,0,1,0,0,0,0,0,1,1,1,0,0,0,0,0,0,,,
110,6,6,1,0,0,0,0,0,0,0,0,1,1,0,0,0,0,0,,,
111,1,4,1,1,0,0,0,0,0,1,1,1,0,0,0,0,1,1,,,
111,2,,,,,,,,,,,,,,,0,0,0,,,
111,3,3,0,0,1,0,1,0,0,1,1,1,0,0,0,0,1,1,,,
111,4,,,,,,,,,1,1,1,0,0,0,0,0,0,,,
112,1,5,0,0,0,0,0,0,1,0,0,1,0,0,0,0,0,0,,,
,,,,,,,,,,,,,,,,,,,,,
113,1,4,0,1,0,0,0,0,0,1,1,1,0,,,,,,,,
114,1,4,1,1,0,0,0,0,0,1,1,1,0,0,1,1,0,0,,,
114,2,9,0,1,0,0,0,0,0,1,1,1,0,0,0,0,0,0,,,
114,3,9,0,1,0,0,0,0,0,1,1,1,0,0,1,0,0,0,,,
114,4,?,1,0,0,0,0,0,0,1,1,1,1,1,1,1,0,0,,,
114,5,4,1,1,0,0,0,0,0,1,1,1,1,0,1,1,0,0,,,
114,6,4,1,1,0,0,0,0,0,1,1,1,1,0,1,1,0,0,,,
115,1,4,0,1,0,0,0,0,0,1,?,1,0,0,0,0,0,0,,,
116,1,4,1,1,0,0,0,0,0,0,?,1,0,0,1,0,0,0,,,
117,1,4,1,1,0,0,0,0,0,1,1,1,0,0,0,0,0,0,,,
117,2,4,1,1,0,0,0,0,0,1,1,1,0,0,0,0,0,0,,,
117,3,3,0,0,1,0,0,0,0,1,1,1,0,0,0,0,0,0,,,
118,1,,,,,,,,,,,,,,,,,,,,
119,1,,,,,,,,,,,,,,,,,,,,
120,1,4,1,1,0,0,0,0,0,1,1,1,0,0,1,1,0,0,,,
120,2,6,1,0,0,0,0,0,0,1,0,1,1,1,0,1,0,0,,,
120,3,3,0,0,1,0,0,0,0,1,0,1,0,0,0,1,0,0,,,
120,4,3,0,0,1,0,0,0,0,1,0,1,0,0,0,1,0,0,,,
120,5,3,0,0,1,0,0,0,0,1,0,1,0,0,0,1,0,0,,,
120,6,3,0,0,1,0,0,0,0,1,0,1,0,0,0,1,0,0,,,
120,7,3,0,0,1,0,0,0,0,1,0,1,0,0,0,1,0,0,,,
120,8,3,0,0,1,0,0,0,0,1,0,1,0,0,0,1,0,0,,,
120,9,3,0,0,1,0,0,0,0,1,0,1,0,0,0,1,0,0,,,
121,1,4,1,1,0,0,0,0,0,1,1,1,0,0,1,0,0,0,,,
121,2,5,0,0,0,0,0,0,1,0,0,1,0,0,0,1,0,1,,,
121,3,5,0,0,0,0,0,0,1,0,0,1,0,1,0,1,0,1,,,
121,4,5,0,0,0,0,0,0,1,0,0,1,0,0,0,1,0,1,,,
121,5,5,0,0,0,0,0,0,1,0,0,1,0,1,0,1,0,1,,,
121,6,3,0,0,1,0,0,0,0,0,0,1,0,0,0,0,0,0,,,
122,1,3,0,0,1,0,0,0,0,0,1,1,0,0,0,0,0,0,,,
122,2,3,0,0,1,0,0,0,0,0,1,1,0,0,0,0,0,0,,,
122,3,3,0,0,1,0,0,0,0,0,1,1,0,0,0,0,0,0,,,
123,1,3,0,0,1,0,0,0,0,0,1,1,0,0,0,0,0,0,,,
123,2,3,0,0,1,0,0,0,0,0,1,1,0,0,0,0,0,0,,,
123,3,3,0,0,1,1,0,0,0,1,1,0,0,0,1,0,0,0,,,
124,1,,,,,,,,,,,,,,,,,,,,
124,2,,,,,,,,,,,,,,,,,,,,
124,3,2,0,0,0,0,1,0,0,1,1,1,0,0,1,0,0,0,,,
124,4,2,0,0,0,0,1,0,0,1,1,1,0,0,0,0,0,0,,,
125,1,6,1,0,0,0,,0,0,0,0,1,1,1,0,1,0,0,,,
125,2,3,0,0,1,0,0,0,0,0,1,1,0,0,0,0,0,0,,,
126,1,6,1,0,0,0,,0,0,1,0,1,1,0,0,1,1,0,,,
126,2,6,1,0,0,0,,0,0,1,0,1,1,0,0,1,1,0,,,
126,3,6,1,0,0,0,,0,0,1,0,1,1,0,0,1,1,0,,,
126,4,6,1,0,0,0,,0,0,1,0,1,1,0,0,1,1,0,,,
126,5,6,1,0,0,0,,0,0,1,0,1,1,0,0,1,1,0,,,
126,6,6,1,0,0,0,,0,0,1,0,1,1,0,0,1,1,0,,,
126,7,6,1,0,0,0,,0,0,1,0,1,1,0,0,1,1,0,,,
126,8,6,1,0,0,0,,0,0,1,0,1,1,0,0,1,1,0,,,
126,9,6,1,0,0,0,,0,0,1,0,1,1,0,0,1,1,0,,,
126,10,,,,,,,,,,,,,,,,,,,,
126,11,5,0,0,0,0,0,1,1,0,0,1,0,0,1,0,0,0,,,
126,12,,,,,,,,,,,,,,,,,,,,
127,1,4,1,1,0,0,1,0,0,0,0,0,0,0,0,1,0,1,,,
127,2,4,1,1,0,0,1,0,0,0,0,1,0,0,0,1,0,1,,,
127,3,4,1,1,0,0,1,0,0,0,0,1,0,0,1,1,0,1,,,
127,4,6,1,0,0,0,0,0,0,0,1,1,1,0,0,0,0,0,,,
127,5,7,1,1,0,0,0,0,0,1,1,1,0,0,1,1,0,0,,,
128,1,5,1,0,0,0,?,0,1,0,0,1,1,0,0,0,0,0,,,
128,2,3,0,0,1,0,0,1,0,1,1,1,0,0,0,0,0,0,,,
128,3,5,1,0,0,0,?,0,1,0,0,1,1,0,0,0,0,0,,,
129,1,9,0,1,0,0,1,0,0,1,1,1,0,0,0,0,0,0,,,
129,2,5,1,0,0,0,0,0,1,0,0,1,1,0,0,0,0,0,,,
129,3,9,0,1,0,0,?,0,0,1,1,1,0,0,0,1,0,0,,,
129,4,9,0,1,0,0,?,0,0,1,1,1,0,0,0,1,0,0,,,
129,5,9,0,1,0,0,?,0,0,1,1,1,0,0,0,1,0,0,,,
129,6,9,0,1,0,0,?,0,0,1,1,1,0,0,0,1,0,0,,,
129,7,9,0,1,0,0,?,0,0,1,1,1,0,0,0,1,0,0,,,
129,8,9,0,1,0,0,?,0,0,1,1,1,0,0,0,1,0,0,,,
130,1,5,0,0,0,0,0,0,1,0,0,1,0,0,0,1,0,0,,,
130,2,3,0,0,1,0,0,0,0,0,1,1,0,0,0,0,0,0,,,
130,3,5,1,0,0,0,?,0,1,0,0,1,0,0,1,0,0,0,,,
130,4,2,1,0,0,0,?,0,1,0,0,1,0,0,1,0,0,0,,,
130,5,5,1,0,0,0,?,0,1,0,0,1,0,0,0,0,0,0,,,
131,1,5,0,0,0,0,?,0,1,0,0,1,0,0,0,0,0,0,,,
131,2,5,0,0,0,0,?,0,1,0,0,1,0,0,0,0,0,0,,,
131,3,5,0,0,0,0,?,0,1,0,0,1,0,0,0,0,0,0,,,
131,4,5,0,0,0,0,?,0,1,0,0,1,0,0,0,0,0,0,,,
131,5,5,0,0,0,0,?,0,1,0,0,1,0,0,0,0,0,0,,,
132,1,5,0,0,0,0,?,0,1,0,0,1,0,0,0,0,0,0,,,
132,2,9,0,?,?,0,?,0,0,1,1,1,0,0,0,0,0,0,,,
133,1,7,1,0,1,0,0,0,0,1,0,1,1,0,1,1,0,0,,,
133,2,2,1,0,0,0,1,0,0,1,0,0,1,0,0,0,0,0,,,
133,3,7,1,0,0,0,0,0,0,1,0,1,1,0,0,1,0,0,,,
133,4,7,1,0,0,0,0,0,0,1,0,1,1,0,0,1,0,0,,,
133,5,7,1,0,0,0,0,0,0,1,0,1,1,0,0,1,0,0,,,
133,6,7,1,0,0,0,0,0,0,1,1,1,1,0,0,0,0,0,,,
134,1,3,0,0,1,0,0,0,0,1,1,1,0,0,1,1,1,0,,,
134,2,3,0,0,1,0,0,0,0,1,1,1,0,0,1,1,1,0,,,
134,3,3,0,0,1,0,0,0,0,1,1,1,0,0,0,1,0,0,,,
134,4,3,0,0,1,0,0,0,0,1,1,1,0,0,1,1,0,0,,,
134,5,3,0,0,1,0,0,0,0,1,1,1,0,0,1,1,0,0,,,
134,6,3,0,0,1,0,0,0,0,1,1,1,0,0,1,1,0,0,,,
134,7,4,1,0,0,0,0,0,0,1,0,1,1,0,1,0,0,0,,,
134,8,,,,,,,,,,,,,,,,,,,,
134,9,3,0,0,1,0,0,0,0,1,1,0,0,0,0,0,0,0,,,
134,10,3,0,0,1,0,0,0,0,1,1,1,0,0,1,1,1,0,,,
134,11,3,0,0,1,0,0,0,0,1,1,1,0,0,1,1,1,0,,,
134,12,3,0,0,1,0,0,0,0,1,1,1,0,0,1,1,1,0,,,
134,13,3,0,0,1,0,0,0,0,1,1,1,0,0,1,1,1,0,,,
134,14,3,0,0,1,0,0,0,0,1,1,1,0,0,1,1,1,0,,,
134,15,3,0,0,1,0,0,0,0,1,1,1,0,0,1,1,1,0,,,
134,16,3,0,0,1,0,0,0,0,1,1,1,0,0,1,1,1,0,,,
134,17,3,0,0,1,0,0,0,0,1,1,1,0,0,1,1,1,0,,,
134,18,3,0,0,1,0,0,0,0,1,1,1,0,0,1,1,1,0,,,
134,19,3,0,0,1,0,0,0,0,1,1,1,0,0,1,1,1,0,,,
134,20,3,0,0,1,0,0,0,0,1,1,1,0,0,1,1,1,0,,,
134,21,3,0,0,1,0,0,0,0,1,1,1,0,0,1,1,1,0,,,
134,22,3,0,0,1,0,0,0,0,1,1,1,0,0,1,1,1,0,,,
134,23,2,0,0,0,0,1,0,0,1,1,1,0,0,1,0,0,0,,,
135,1,,,,,,,,,,,,,,,,,,,,
136,1,,,,,,,,,,,,,,,,,,,,
136,2,,,,,,,,,,,,,,,,,,,,
136,3,,,,,,,,,,,,,,,,,,,,
136,4,,,,,,,,,,,,,,,,,,,,
136,5,,,,,,,,,,,,,,,,,,,,
136,6,,,,,,,,,,,,,,,,,,,,
137,?,,,,,,,,,,,,,,,,,,,,
138,1,4,1,1,0,0,0,0,0,1,1,1,0,0,0,0,0,0,,,
138,2,4,1,1,0,0,0,0,0,1,1,1,0,0,0,0,0,0,,,
138,3,4,1,1,0,0,0,0,0,1,1,1,0,0,0,0,0,0,,,
138,4,4,1,1,0,0,0,0,0,1,1,1,0,0,0,0,0,0,,,
138,5,4,1,1,0,0,0,0,0,1,1,1,0,0,0,0,0,0,,,
138,6,4,1,1,0,0,0,0,0,1,1,1,0,0,0,0,0,0,,,
138,7,4,1,1,0,0,0,0,0,1,1,1,0,0,0,0,0,0,,,
138,8,4,1,1,0,0,0,0,0,1,1,1,0,0,0,0,0,0,,,
139,1,2,0,0,0,0,1,0,0,1,1,1,0,0,0,1,1,0,,,
139,2,2,0,0,0,0,1,0,0,1,1,1,0,0,0,1,1,0,,,
139,3,2,0,0,0,0,1,0,0,1,1,1,0,0,0,1,1,0,,,
140,1,?,?,0,0,0,0,?,0,,,,,,,,,,,,
140,2,?,,,,,,,,0,0,1,,,,0,0,0,,,
140,3,?,,,,,,,,0,0,1,,,,0,0,0,,,
140,4,?,,,,,,,,0,0,1,,,,0,0,0,,,
140,5,?,,,,,,,,0,0,1,,,,0,0,0,,,
140,6,5,0,0,0,0,0,1,1,0,0,1,,,,0,0,0,,,
141,1,3,0,0,1,0,0,0,0,1,1,1,0,0,0,0,0,0,,,
141,2,5,0,0,0,0,0,1,1,0,0,1,0,0,1,0,0,0,,,
141,3,5,0,0,0,0,0,1,1,0,0,1,0,0,1,0,0,0,,,
141,4,3,0,0,1,0,0,0,0,1,1,1,0,0,0,0,0,0,,,
141,5,5,0,0,0,0,0,0,1,0,0,1,0,0,0,1,0,0,,,
141,6,5,0,0,0,0,0,0,1,0,0,1,0,0,0,1,0,0,,,
141,7,5,0,0,0,0,0,0,1,0,0,1,0,0,0,1,0,0,,,
141,8,5,0,0,0,0,0,0,1,0,0,1,0,0,0,1,0,0,,,
141,9,5,0,0,0,0,0,0,1,0,0,1,0,0,0,1,0,0,,,
141,10,5,0,0,0,0,0,0,1,0,0,1,0,0,0,1,0,0,,,
141,11,3,0,0,1,0,0,0,0,1,1,1,0,0,0,0,0,0,,,
142,1,2,1,0,0,0,1,0,0,1,1,0,0,0,0,1,1,0,,,
142,2,,,,,,,,,,,,,,,,,,,,
142,3,,,,,,,,,,,,,,,,,,,,
142,4,2,0,0,0,0,1,0,0,1,1,1,0,0,1,0,0,0,,,
142,5,2,0,0,0,0,1,0,0,1,1,1,0,0,1,0,0,0,,,
143,1,5,1,0,0,0,0,0,1,0,0,1,0,0,1,0,0,0,,,
144,1,5,1,0,0,0,0,0,1,0,0,1,0,0,0,1,0,1,,,
144,2,5,1,0,0,0,0,0,1,0,0,1,0,0,0,1,0,0,,,
144,3,5,1,0,0,0,1,0,1,0,0,1,0,0,0,1,0,1,,,
144,4,5,1,0,0,0,1,0,1,0,0,1,0,0,0,1,0,1,,,
144,5,5,1,0,0,0,1,0,1,0,0,1,0,0,0,1,0,1,,,
144,6,5,1,0,0,0,1,0,1,0,0,1,0,0,0,1,0,1,,,
144,7,5,1,0,0,0,1,0,1,0,0,1,0,0,0,1,0,1,,,
144,8,2,1,0,0,0,1,0,0,1,0,0,0,0,1,1,0,1,,,
144,9,5,1,0,0,0,1,0,1,0,0,0,0,0,0,1,0,1,,,
144,10,5,1,0,0,0,1,0,1,0,0,1,0,0,0,1,0,1,,,
144,11,5,1,0,0,0,1,0,1,0,0,1,0,0,0,1,0,1,,,
144,12,5,1,0,0,0,1,0,1,0,0,1,0,0,0,1,0,1,,,
144,13,5,1,0,0,0,1,0,1,0,0,1,0,0,0,1,0,1,,,
144,14,5,1,0,0,0,1,0,1,0,0,1,0,0,0,1,0,1,,,
144,15,5,1,0,0,0,1,0,1,0,0,1,0,0,0,1,0,1,,,
144,16,5,1,0,0,0,0,0,1,0,0,0,0,0,0,1,0,1,,,
145,1,5,0,0,0,0,0,0,1,0,0,1,0,0,0,0,0,0,,,
145,2,5,0,0,0,0,0,0,1,0,0,1,0,0,0,0,0,0,,,
145,3,5,0,0,0,0,1,0,1,0,0,1,0,0,0,0,0,0,,,
146,1,5,1,0,0,0,0,0,1,0,0,1,0,0,0,1,0,0,,,
146,2,5,0,0,0,0,1?,?,1,0,0,1,0,0,0,0,0,0,,,
146,3,5,0,0,0,0,0,0,1,0,0,1,0,0,0,0,0,0,,,
146,4,3,0,0,1,0,0,0,0,1,1,1,0,0,0,0,0,0,,,
146,5,?,1,0,?,0,0,0,0,1,1,1,0,0,1,0,0,0,,,
146,6,?,1,0,?,0,0,0,0,1,1,1,0,0,1,0,0,0,,,
146,7,3,0,0,1,0,0,0,0,1,1,1,0,0,0,0,0,0,,,
146,8,3,0,0,1,0,0,0,0,1,1,1,0,0,0,0,0,0,,,
147,1,4,0,1,0,0,0,0,0,1,1,0,0,0,0,0,0,0,,,
147,2,5,1,0,0,0,0,0,1,0,0,1,1,0,0,0,0,0,,,
148,1,pie chart,0,0,0,0,0,1,0,0,0,1,1,0,0,0,0,0,,,
149,1,?,,,,,,,,,,,,,,,,,,,
150,1,9?,1,0,?,0,?,?,0,0,0,1,0,0,0,0,0,0,,,
150,2,3,0,0,1,0,0,0,0,1,1,1,0,0,0,0,0,0,,,
150,3,4,1,1,0,0,0,0,0,1,1,1,0,0,0,0,0,0,,,
150,4,pie chart,0,0,0,0,0,0,0,0,0,1,0,0,0,0,0,0,,,
150,5,4,1,1,0,0,0,0,0,1,1,1,0,0,0,0,0,0,,,
151,1,3,0,0,1,0,0,0,0,1,1,1,0,0,0,0,0,0,,,
151,2,3?4?,1,1,1,0,0,0,0,1,1,1,0,0,1,0,0,0,,,
151,3,3?4?,1,1,1,0,0,0,0,1,1,1,0,0,1,0,0,0,,,
151,4,3?4?,1,1,1,0,0,0,0,1,1,1,0,0,1,0,0,0,,,
151,5,3?4?,1,1,1,0,0,0,0,1,1,1,0,0,1,0,0,0,,,
151,6,3?4?,1,1,1,0,0,0,0,1,1,1,0,0,1,0,0,0,,,
152,1,donut chart,0,0,0,0,0,0,0,0,0,1,0,0,0,0,0,0,,,
153,1,8,0,0,0,0,0,1,0,0,0,1,0,0,0,0,0,0,,,
153,2,3,0,0,1,0,0,0,0,1,1,1,0,0,0,0,0,0,,,
153,3,9,0,0,0,0,0,0,0,1,1,1,0,0,0,0,0,0,,,
153,4,3,0,0,1,0,0,0,0,1,1,1,0,0,0,0,0,0,,,
154,1,3,0,0,1,0,0,0,0,1,1,1,0,0,0,0,0,0,,,
154,2,3,0,0,1,0,0,0,0,1,1,1,0,0,0,0,0,0,,,
154,3,3,0,0,1,0,0,0,0,1,1,1,0,0,0,0,0,0,,,
154,4,3,0,0,1,0,0,0,0,1,1,1,0,0,0,0,0,0,,,
154,5,3,0,0,1,0,0,0,0,1,1,1,0,0,0,0,0,0,,,
154,6,3,0,0,1,0,0,0,0,1,1,1,0,0,0,0,0,0,,,
154,7,3,0,0,1,0,0,0,0,1,1,1,0,0,0,0,0,0,,,
154,8,3,0,0,1,0,0,0,0,1,1,1,0,0,0,0,0,0,,,
154,9,3,0,0,1,0,0,0,0,1,1,1,0,0,0,0,0,0,,,
154,10,3,0,0,1,0,0,0,0,1,1,1,0,0,0,0,0,0,,,
155,1,7,1,0,0,0,0,0,0,1,1,1,0,0,1,1,0,0,,,
155,2,,,,,,,,,,,,,,,,,,,,
156,1,9,1,0,0,0,0,0,0,1,0,1,0,0,1,1,0,1,,,
156,2,9,1,0,0,0,0,0,0,1,1,1,1,0,1,1,0,1,,,
156,3,9,1,0,?,0,0,0,0,1,1,1,0,0,1,1,0,1,,,
156,4,9,1,0,0,0,0,0,0,1,1,1,1,0,1,1,0,1,,,
156,5,9,1,0,0,0,0,0,0,1,1,1,0,0,1,1,0,1,,,
156,6,9,1,1,0,0,0,0,0,1,1,0,1,0,1,1,0,1,,,
157,1,9,0,?,0,0,0,0,0,1,1,1,0,0,1,1,0,1,,,
157,2,9,0,?,0,0,0,0,0,1,1,1,0,0,1,1,0,1,,,
157,3,9,0,?,0,0,0,0,0,1,1,1,0,0,1,1,0,1,,,
157,4,9,0,?,0,0,0,0,0,1,1,1,0,0,1,1,0,1,,,
157,5,5,0,0,0,0,0,0,1,0,0,1,0,0,0,0,0,0,,,
157,6,9,0,?,0,0,?,0,0,1,1,1,0,0,1,0,0,0,,,
157,7,9,0,?,0,0,?,0,0,1,1,1,0,0,1,0,0,0,,,
157,8,9,0,?,0,0,?,0,0,1,1,1,0,0,1,0,0,0,,,
157,9,9,0,?,0,0,?,0,0,1,1,1,0,0,1,0,0,0,,,
157,10,9,0,?,0,0,?,0,0,1,1,1,0,0,1,0,0,0,,,
157,11,9,0,?,0,0,?,0,0,1,1,1,0,0,1,0,0,0,,,
157,12,9,0,?,0,0,?,0,0,1,1,1,0,0,1,0,0,0,,,
157,13,9,0,?,0,0,?,0,0,1,1,1,0,0,1,0,0,0,,,
157,14,9,0,?,0,0,?,0,0,1,1,1,0,0,1,0,0,0,,,
157,15,9,0,?,0,0,?,0,0,1,1,1,0,0,1,0,0,0,,,
157,16,9,0,?,0,0,?,0,0,1,1,1,0,0,1,0,0,0,,,
157,17,9,0,?,0,0,?,0,0,1,1,1,0,0,1,0,0,0,,,
157,18,9,0,?,0,0,?,0,0,1,1,1,0,0,1,0,0,0,,,
157,19,9,0,?,0,0,?,0,0,1,1,1,0,0,1,0,0,0,,,
157,20,9,0,?,0,0,?,0,0,1,1,1,0,0,1,0,0,0,,,
157,21,9,0,?,0,0,?,0,0,1,1,1,0,0,1,0,0,0,,,
157,22,9,0,?,0,0,?,0,0,1,1,1,0,0,1,0,0,0,,,
157,23,9,0,?,0,0,?,0,0,1,1,1,0,0,1,0,0,0,,,
157,24,9,0,?,0,0,?,0,0,1,1,1,0,0,1,0,0,0,,,
157,25,9,0,?,0,0,?,0,0,1,1,1,0,0,1,0,0,0,,,
157,26,9,0,?,0,0,?,0,0,1,1,1,0,0,1,0,0,0,,,
157,27,9,0,?,0,0,?,0,0,1,1,1,0,0,1,0,0,0,,,
157,28,9,0,?,0,0,?,0,0,1,1,1,0,0,1,0,0,0,,,
157,29,9,0,?,0,0,?,0,0,1,1,1,0,0,1,0,0,0,,,
157,30,9,0,?,0,0,?,0,0,1,1,1,0,0,1,0,0,0,,,
157,31,9,0,?,0,0,?,0,0,1,1,1,0,0,1,0,0,0,,,
157,32,9,0,?,0,0,?,0,0,1,1,1,0,0,1,0,0,0,,,
157,33,9,0,?,0,0,?,0,0,1,1,1,0,0,1,0,0,0,,,
157,34,9,0,?,0,0,?,0,0,1,1,1,0,0,1,0,0,0,,,
157,35,9,0,?,0,0,?,0,0,1,1,1,0,0,1,0,0,0,,,
157,36,9,0,?,0,0,?,0,0,1,1,1,0,0,1,0,0,0,,,
157,37,9,0,?,0,0,?,0,0,1,1,1,0,0,1,0,0,0,,,
157,38,9,0,?,0,0,?,0,0,1,1,1,0,0,1,0,0,0,,,
157,39,9,0,?,0,0,?,0,0,1,1,1,0,0,1,0,0,0,,,
157,40,9,0,?,0,0,?,0,0,1,1,1,0,0,1,0,0,0,,,
157,41,9,0,?,0,0,?,0,0,1,1,1,0,0,1,0,0,0,,,
157,42,9,0,?,0,0,?,0,0,1,1,1,0,0,1,0,0,0,,,
157,43,9,0,?,0,0,?,0,0,1,1,1,0,0,1,0,0,0,,,
157,44,9,0,?,0,0,?,0,0,1,1,1,0,0,1,0,0,0,,,
157,45,9,0,?,0,0,?,0,0,1,1,1,0,0,1,0,0,0,,,
157,46,9,0,?,0,0,?,0,0,1,1,1,0,0,1,0,0,0,,,
157,47,9,0,?,0,0,?,0,0,1,1,1,0,0,1,0,0,0,,,
157,48,9,0,?,0,0,?,0,0,1,1,1,0,0,1,0,0,0,,,
157,49,9,0,?,0,0,?,0,0,1,1,1,0,0,1,0,0,0,,,
157,50,9,0,?,0,0,?,0,0,1,1,1,0,0,1,0,0,0,,,
157,51,9,0,?,0,0,?,0,0,1,1,1,0,0,1,0,0,0,,,
157,52,9,0,?,0,0,?,0,0,1,1,1,0,0,1,0,0,0,,,
157,53,9,0,?,0,0,?,0,0,1,1,1,0,0,1,0,0,0,,,
157,54,9,0,?,0,0,?,0,0,1,1,1,0,0,1,0,0,0,,,
157,55,9,0,?,0,0,?,0,0,1,1,1,0,0,1,0,0,0,,,
158,1,4,0,1,0,0,1,0,0,1,1,1,0,0,0,0,0,0,,,
158,2,9,0,1,0,0,?,0,0,1,1,1,0,0,0,0,0,0,,,
159,1,?,,,,,,,,,,,,,,,,,,,
159,2,?,,,,,,,,,,,,,,,,,,,
159,3,6,1,0,0,0,0,1,0,1,1,1,0,0,0,0,0,0,,,
159,4,5,0,0,0,0,0,0,1,0,0,1,0,0,0,0,0,0,,,
159,5,9,0,1,0,0,0,0,0,1,1,1,0,0,0,1,0,0,,,
160,1,3,0,0,1,0,0,0,0,1,1,1,0,0,0,0,0,0,,,
161,1,3,0,0,1,0,0,0,0,1,1,1,0,0,0,0,0,0,,,
162,1,5,0,0,0,0,0,0,1,0,0,1,0,0,0,1,0,0,,,
162,2,5,0,0,0,0,0,1,1,0,0,1,0,0,0,1,0,0,,,
162,3,5,1,0,0,0,0,0,1,0,0,1,1,0,1,1,0,0,,,
162,4,5,1,1,0,0,0,0,1,0,0,1,0,0,1,1,0,0,,,
162,5,4,0,1,0,0,0,0,0,1,1,1,0,0,0,0,0,0,,,
162,6,4,0,1,0,0,0,0,0,1,1,1,0,0,0,0,0,0,,,
162,7,4,0,1,0,0,0,0,0,1,1,1,0,0,0,0,0,0,,,
162,8,4,0,1,0,0,0,0,0,1,1,1,0,0,0,0,0,0,,,
162,9,4,0,1,0,0,0,0,0,1,1,1,0,0,0,0,0,0,,,
163,1,3,0,0,1,0,0,0,0,1,1,1,0,0,0,0,0,0,,,
164,1,4,0,1,0,0,0,0,0,1,1,0,0,0,0,0,0,0,,,
164,2,5,0,0,0,0,0,0,1,0,0,1,0,0,0,0,0,0,,,
164,3,5,0,0,0,0,0,0,1,0,0,1,0,0,0,0,0,0,,,
165,1,4,0,1,0,0,0,0,0,1,1,1,0,0,1,1,0,0,,,
165,2,4,0,1,0,0,0,0,0,1,1,1,0,0,1,1,0,0,,,
166,1,4,0,1,0,0,0,0,0,1,1,1,0,0,0,1,0,0,,,
166,2,4,0,1,0,0,0,0,0,1,1,1,0,0,0,1,0,0,,,
166,3,4,0,1,0,0,0,0,0,1,1,1,0,0,0,1,0,0,,,
166,4,4,0,1,0,0,0,0,0,1,1,1,0,0,0,1,0,0,,,
167,1,2,0,0,0,0,1,0,0,1,1,1,0,0,0,0,0,0,,,
168,1,4,0,1,0,0,0,0,0,1,1,1,0,0,1,1,0,0,,,
169,1,?,,,,,,,,,,,,,,,,,,,
169,2,?,,,,,,,,,,,,,,,,,,,
169,3,?,,,,,,,,,,,,,,,,,,,
169,4,3,0,0,1,0,0,0,0,1,1,1,0,0,0,0,0,0,,,
169,5,9,0,1,0,0,0,0,0,1,1,1,0,0,0,0,0,0,,,